INSTITUTION ID,INSTITUTION NAME,INSTITUTION ADDRESS,INSTITUTION URL,INSTITUTION VISIBLE,
b537122a-5472-4278-b1d3-a644e2c9e99a,University of New Orleans,"2000 Lakeshore Drive New Orleans, LA 70148",{undefined value},true
cbb4d7d8-0ffd-4131-a11f-afc36109e497,The University of North Carolina at Greensboro,"224 Jackson Library Greensboro, North Carolina 27402",{undefined value},true
3154be1b-6357-4ddd-ac80-9028bc9b7e5e,The University of Alabama,"202 Ten Hoor Hall, Box 870212, Tuscaloosa, AL 35487",{undefined value},true
ef1a362e-419e-454a-8bc8-9319522cd9c8,The Library of Virginia,"Richmond, VA 23219",{undefined value},true
15f552ea-a7fe-4c34-a4dc-2db63b564a9f,Morgan State University,"1700 E Cold Spring Ln, Baltimore, MD 21251",{undefined value},true
c5210896-8dba-4e71-9593-afba2b40ae3d,The Freedom on the Move Project,391 Pine Tree Road,{undefined value},true
653a9075-dcea-4354-a868-1f7359c65f8f,University of Kentucky,"Lexington, KY 40506",{undefined value},true
9d578d96-0c77-40d9-b0e4-73e4af3899ea,CUL,"",{undefined value},true
5741bc0f-1d80-4967-ace2-886092cbd2d5,"","",{undefined value},true
46117a60-9c5f-4661-9a55-89b6e8b97cf6,"","",{undefined value},true
709fbbd9-6c97-4718-84b8-4d7ba5eb771b,"","",{undefined value},true
249f5ac3-f96e-4da8-807b-0cdfd8c550f4,"","",{undefined value},true
95d9aa20-2594-4b96-8f0d-84d3df34b968,"","",{undefined value},true
97e6a4c6-7d6c-4e85-a6ed-81791bcd48ee,"","",{undefined value},true
e5142f3c-e00d-47a9-9c5b-4af857279a8d,"","",{undefined value},true
27f842e9-de14-45f0-b671-f6c57f927ae7,CUL,"",{undefined value},true
2047b175-0421-4058-acaf-dd55a5bd7d64,American Antiquarian Society,"",{undefined value},true
e013a3b8-7788-48bd-9c1e-bd6c9f2ea52b,American Antiquarian Society,"",{undefined value},true
45119d73-86b8-4cfe-9d79-024abfd85ef5,American Antiquarian Society,"",{undefined value},true
35642ed0-5b81-4b75-bc6d-696669c35295,American Antiquarian Society,"",{undefined value},true
bedfc1fc-94e9-4b20-9262-babbf474ba60,American Antiquarian Society,"",{undefined value},true
d610b804-e7a0-4d6b-b985-6e66711d7e5a,American Antiquarian Society,"",{undefined value},true
edefa865-6ae2-4418-9894-559d85a0a749,American Antiquarian Society,"",{undefined value},true
dfb2d16a-2db5-4bc0-8650-7c08a3e6d07c,American Antiquarian Society,"",{undefined value},true
508fdbec-fe19-4fd3-a3cf-6330024e7ef4,American Antiquarian Society,"",{undefined value},true
b6f6a5fe-92c4-41e6-b17d-8f9ea107ecc6,American Antiquarian Society,"",{undefined value},true
8e30aa47-873d-4da2-8280-bd40c675fcb1,"","",{undefined value},true
b00d9352-2146-4a40-aa9a-4aca3f43cc58,"","",{undefined value},true
90faea24-b6eb-4783-8a05-08a7f8d8e75e,American Antiquarian Society,"",{undefined value},true
87ff449a-b7f0-44d3-a048-fc1c0bc1ade3,American Antiquarian Society,"",{undefined value},true
1b976e26-48b5-45ac-93a7-35033393f950,American Antiquarian Society,"",{undefined value},true
536fdc4c-552d-457c-a36a-95bfcf7c0b94,American Antiquarian Society,"",{undefined value},true
0af837d9-bb37-495d-b396-76943415554c,"","",{undefined value},true
899f26d5-b9b0-47f0-aa5c-a95820226653,American Antiquarian Society,"",{undefined value},true
fd8c2239-a832-410b-bbb3-7b920873246d,American Antiquarian Society,"",{undefined value},true
375994c7-999c-46b2-b900-29e972d9ae87,American Antiquarian Society,"",{undefined value},true
6815a149-1675-482d-84ca-1b2d25bf33f7,American Antiquarian Society,"",{undefined value},true
a248bd83-cd00-4854-806d-cd08acdbc910,American Antiquarian Society,"",{undefined value},true
b752a081-d7ab-4dc7-9504-d55f863c2cf0,American Antiquarian Society,"",{undefined value},true
6c28d83f-4809-4372-a003-8d9e1f69ece1,American Antiquarian Society,"",{undefined value},true
9803e973-6745-4b42-be83-6a47920f3c1e,American Antiquarian Society,"",{undefined value},true
322702f0-a657-4861-a66d-1b0b383da9d9,American Antiquarian Society,"",{undefined value},true
99d92c96-0b7f-407f-8deb-88391bdd1b60,American Antiquarian Society,"",{undefined value},true
4fc51c13-9953-498b-a893-011f07af7555,American Antiquarian Society,"",{undefined value},true
5c254f0f-ab94-47f0-b8b6-5abc4dc8cd9f,American Antiquarian Society,"",{undefined value},true
d53fb18a-55d9-493a-b957-fa6b9e8a2a00,American Antiquarian Society,"",{undefined value},true
31ab6035-c4a4-4d0f-896c-070fe59a1d1e,American Antiquarian Society,"",{undefined value},true
a74e9f76-d97e-4b20-bf67-734690a00ca0,American Antiquarian Society,"",{undefined value},true
dbae94d7-fb88-4483-8a7c-ac4565d32394,American Antiquarian Society,"",{undefined value},true
0831bf34-377a-4736-b46c-629551b71dd9,American Antiquarian Society,"",{undefined value},true
28a15142-78a7-427c-a48f-1d2a2a2aadb9,American Antiquarian Society,"",{undefined value},true
7d333c3a-9e09-4726-a843-84e49196b8fb,American Antiquarian Society,"",{undefined value},true
265909f4-17e9-4a51-b3dc-c48c2168adac,American Antiquarian Society,"",{undefined value},true
bd7d0b4c-1074-46f6-9731-d5e10b26f839,American Antiquarian Society,"",{undefined value},true
80e3a39c-f073-432c-b93c-fffb04dddbe3,American Antiquarian Society,"",{undefined value},true
7622d282-6895-45cc-a9b9-825bf9bb3e98,American Antiquarian Society,"",{undefined value},true
ad0691bc-0c83-4afd-adab-b084e95d387e,American Antiquarian Society,"",{undefined value},true
44fb795c-29c7-43fb-9dc8-2e7d4692860c,American Antiquarian Society,"",{undefined value},true
56e335b8-b885-4246-ae21-9d00f6e71264,American Antiquarian Society,"",{undefined value},true
83cd411e-4018-4f12-a349-6dacff7415b3,American Antiquarian Society,"",{undefined value},true
ab270809-3808-4e44-869f-901822093f92,American Antiquarian Society,"",{undefined value},true
257c094c-bfda-4a44-9f7e-d323657208e2,American Antiquarian Society,"",{undefined value},true
6ddad1d0-51a7-4b41-91f8-27e17e262ec9,American Antiquarian Society,"",{undefined value},true
59c9e3c6-0a59-4ea3-83f4-d6eec76066bd,American Antiquarian Society,"",{undefined value},true
a0ad8e1e-3443-470d-9040-34024e995331,American Antiquarian Society,"",{undefined value},true
371c0829-31e1-4adc-85bc-a8937dda5b6d,American Antiquarian Society,"",{undefined value},true
03994bfd-6f1c-4d1f-94b7-d64e9f10a1b0,American Antiquarian Society,"",{undefined value},true
c76049c1-cf5b-47c0-ba1e-f6d242ba3fa3,American Antiquarian Society,"",{undefined value},true
afbd07fe-bdd4-4535-8bd0-45ef763cd05d,American Antiquarian Society,"",{undefined value},true
53a6ba3c-e864-4eb9-882d-f372dc419d78,American Antiquarian Society,"",{undefined value},true
28d1b956-6aa7-4553-b433-79b81c254c63,American Antiquarian Society,"",{undefined value},true
726d80a2-8b22-4c06-bc28-0f0916ecc661,American Antiquarian Society,"",{undefined value},true
804eb6b8-44be-4636-926c-848a3ee031b9,American Antiquarian Society,"",{undefined value},true
e710c086-86cf-4f84-ae55-844642a12f24,American Antiquarian Society,"",{undefined value},true
8e166919-86d1-4d0b-a31e-02af494e3766,American Antiquarian Society,"",{undefined value},true
a6ad0135-b0d3-4f52-94e8-82253ad8cde9,American Antiquarian Society,"",{undefined value},true
14c646e9-f6ff-4038-b7e2-2e62880f7e8d,American Antiquarian Society,"",{undefined value},true
77d95c8f-6138-4c85-b09f-35d70cb6f306,American Antiquarian Society,"",{undefined value},true
