PROVENANCE ID,PROVENANCE ARCHIVED,PROVENANCE FILENAME,PROVENANCE CHECKSUM,PROVENANCE INSTITUTION_ID,PROVENANCE VISIBLE,PROVENANCE IMAGE,PROVENANCE URL,PROVENANCE BLURB,
a675bae1-0942-40b0-81de-8d9a5953a8bd,2018-11-21,FOTM-Import7688874731829127663,d2e7ce70b400e037eb4f9b2cdb2b2741c625ac52ebf080d2daaab6931a29502a,b537122a-5472-4278-b1d3-a644e2c9e99a,true,{undefined value},{undefined value},{undefined value}
1f49326e-a450-4975-bb2b-e34fd915472e,2018-11-21,FOTM-Import5699916689058790862,d2e7ce70b400e037eb4f9b2cdb2b2741c625ac52ebf080d2daaab6931a29502a,b537122a-5472-4278-b1d3-a644e2c9e99a,true,{undefined value},{undefined value},{undefined value}
dace767a-fac3-4e9c-bad1-f1c3ae28e099,2018-11-21,FOTM-Import1825144388117650645,d2e7ce70b400e037eb4f9b2cdb2b2741c625ac52ebf080d2daaab6931a29502a,b537122a-5472-4278-b1d3-a644e2c9e99a,true,{undefined value},{undefined value},{undefined value}
a660ef7e-f492-4595-a025-15b61206c10f,2018-11-21,FOTM-Import6180657197493884277,d2e7ce70b400e037eb4f9b2cdb2b2741c625ac52ebf080d2daaab6931a29502a,b537122a-5472-4278-b1d3-a644e2c9e99a,true,{undefined value},{undefined value},{undefined value}
fc6210b8-7067-49fa-a345-51b1e73e2ea8,2024-11-21,BTK-Manual-Kentucky-4,Manual,653a9075-dcea-4354-a868-1f7359c65f8f,true,{undefined value},{undefined value},{undefined value}
449d862b-9823-4357-ac64-c80641a02f00,2024-12-05,BTK-Manual-2024-12-05,Manual,c5210896-8dba-4e71-9593-afba2b40ae3d,true,{undefined value},{undefined value},{undefined value}
7723f5d4-ae0e-47d4-b587-3abc1218a4ed,2025-05-06,developer-free-tool: ef17f062-3ddb-4d90-8369-fb0b03091fee,"",c5210896-8dba-4e71-9593-afba2b40ae3d,true,{undefined value},{undefined value},{undefined value}
595e64a1-f333-42a1-b446-0fc992552117,2025-05-07,developer-free-tool: f07854b3-306a-47db-a783-70f3612e2125,"",c5210896-8dba-4e71-9593-afba2b40ae3d,true,{undefined value},{undefined value},{undefined value}
5c92c2c9-d38e-46fe-af7d-b7c2de6b5a3e,2025-05-07,developer-free-tool: d74870b8-126f-4ac9-8399-5a20d9c2f1e9,"",c5210896-8dba-4e71-9593-afba2b40ae3d,true,{undefined value},{undefined value},{undefined value}
e7bc3da3-9e6f-480a-b932-318c5cb03c7b,2025-07-31,developer-free-tool: 1d11ff14-3a02-45b4-84dc-1ca586818efd,"",5741bc0f-1d80-4967-ace2-886092cbd2d5,true,{undefined value},{undefined value},{undefined value}
e8b8f60d-4d9b-4519-8f8a-cfa979080edd,2025-07-31,developer-free-tool: 1c35ba8b-2e7b-41e7-968f-6f325883c3ca,"",46117a60-9c5f-4661-9a55-89b6e8b97cf6,true,{undefined value},{undefined value},{undefined value}
20767283-68ea-4740-8eee-37a131b281ba,2025-08-04,developer-free-tool: 9b23c91a-e42b-4806-84f2-200c19f0fc34,"",709fbbd9-6c97-4718-84b8-4d7ba5eb771b,true,{undefined value},{undefined value},{undefined value}
d2d4b77e-528b-46ed-a514-f36d584ed4eb,2020-12-17,FOTM-Import3507105757267760056,fdf8cce35eca0ebb7a070c8b17442cea97bb27e16b863d98ae4ff3cad3227fef,ef1a362e-419e-454a-8bc8-9319522cd9c8,true,{undefined value},{undefined value},{undefined value}
f4d8d52e-5b3c-4f14-b98d-f9e45116ce4e,2020-12-17,FOTM-Import3288857799574845050,9b34497c14c4a285cb78e691e479c60cfdd88eab5e1e56c9c144120f0a53115f,ef1a362e-419e-454a-8bc8-9319522cd9c8,true,{undefined value},{undefined value},{undefined value}
32fb0ad4-c278-417b-baa9-c95975bcdf3e,2021-10-25,01FJVZZA6S3QYXRX6KERRVJW8J,Manual,3154be1b-6357-4ddd-ac80-9028bc9b7e5e,true,{undefined value},{undefined value},{undefined value}
b1b2cd08-8dfa-4f41-9696-22df58a4ab89,2021-11-09,FOTM-Import18081636600158191116,9aa46bbd2a1505385175e8ac18fd0c95698e3d2d79ca961cc788dc53f1fb9077,3154be1b-6357-4ddd-ac80-9028bc9b7e5e,true,{undefined value},{undefined value},{undefined value}
62d0a508-4348-42eb-85bb-a1f06865474d,2020-02-14,FOTM-Import-UNCG-Manual,Manual,cbb4d7d8-0ffd-4131-a11f-afc36109e497,true,https://static.freedomonthemove.org/logos/uncg.png,http://libcdm1.uncg.edu/cdm/landingpage/collection/RAS,Originally featured in the [The North Carolina Runaway Slave Advertisements Project](http://libcdm1.uncg.edu/cdm/landingpage/collection/RAS).
97f0128a-c42d-4fa4-8f22-09982d033a7e,2020-12-08,FOTM-Import7466217121280399012,426a2bd1be37a674965e759dd41e7625a44f2eea2b01ce540b14584ddab902b9,3154be1b-6357-4ddd-ac80-9028bc9b7e5e,true,{undefined value},{undefined value},{undefined value}
04627f37-8d0b-4758-b0f5-0802e65b6c19,2020-12-11,FOTM-Import397087811632426488,1685daa8a08f2c5153d4f0c5963c50e3f631539b07a0cd73a4960690d6e0096b,ef1a362e-419e-454a-8bc8-9319522cd9c8,true,{undefined value},{undefined value},{undefined value}
e26aab7c-8ea2-488e-a8f7-2fa60c7781e0,2020-12-11,FOTM-Import1429748871049373110,ebb1b0e5f8f463e71a261bda62d8f0d22348a62a7a089821a65ecb4b342c3a33,ef1a362e-419e-454a-8bc8-9319522cd9c8,true,{undefined value},{undefined value},{undefined value}
f066550e-2aa9-4463-bb93-7d4ff53c2bae,2020-12-11,FOTM-Import223317065810479233,928fba69f4b73189b5c5eafb897b89f6ac6f276d93e0c8281b0b5161954ad451,ef1a362e-419e-454a-8bc8-9319522cd9c8,true,{undefined value},{undefined value},{undefined value}
ec025757-8d8a-453f-a7d4-d41ee0b415f1,2019-02-07,FOTM-Import7758990123827748968,5fe20d22e94e47752d3738dd0baaebc555ef098f4262de9e47e6aa9221587de1,c5210896-8dba-4e71-9593-afba2b40ae3d,true,{undefined value},{undefined value},{undefined value}
f8f8a677-9645-4615-ab59-c2cc99d97130,2019-02-07,FOTM-Import2975509249857361536,c9701dad0eb8a5d120cf15dbf1e20cba32ba58e2a6d620f89efd9a705fa8d4c5,c5210896-8dba-4e71-9593-afba2b40ae3d,true,{undefined value},{undefined value},{undefined value}
c7886393-91b2-4b84-b4c2-db2656de46e6,2021-11-12,Windley-MD-Manual,Manual,15f552ea-a7fe-4c34-a4dc-2db63b564a9f,true,https://static.freedomonthemove.org/logos/morganstate.png,https://library.morgan.edu,"Advertisement originally collected and transcribed by Dr. Lathan Windley and Dr. Flossie Windley. For more details, please see Lathan Windley Papers at Morgan State University Library Special Collections and Runaway Slave Advertisements: A Documentary History From the 1730s to the 1790s. Volume 2: Maryland (Westport: Conn., Greenwood Press, 1983).

Conversion to computer-readable text was done with the generous support of William Perkins, via a technical process created and managed by Eric Anderson."
effa6b5a-ccbc-4050-bc93-4abeadbfaa1c,2021-11-12,Windley-GA-Manual,Manual,15f552ea-a7fe-4c34-a4dc-2db63b564a9f,true,https://static.freedomonthemove.org/logos/morganstate.png,https://library.morgan.edu,"Advertisement originally collected and transcribed by Dr. Lathan Windley and Dr. Flossie Windley. For more details, please see Lathan Windley Papers at Morgan State University Library Special Collections and Runaway Slave Advertisements: A Documentary History From the 1730s to the 1790s. Volume 4: Georgia (Westport: Conn., Greenwood Press, 1983).

Conversion to computer-readable text was done with the generous support of William Perkins, via a technical process created and managed by Eric Anderson."
c94e2d45-3a10-4283-9dec-fdaa2a39c21e,2018-11-20,FOTM-Import5035816902205919712,bbe12050765af1c07199a572b97692706faa08923943ea8e4d400d010aebeed8,c5210896-8dba-4e71-9593-afba2b40ae3d,true,{undefined value},{undefined value},{undefined value}
b64bbc7e-f569-4c25-b005-feb43b47ddc4,2019-02-07,FOTM-Import3826660774382297141,a9b28b2c56ec3ba73cbc7a245d713030964fa45fbab062b494b563b5a7f485e4,c5210896-8dba-4e71-9593-afba2b40ae3d,true,{undefined value},{undefined value},{undefined value}
c9ba1ada-5dde-4047-9b11-a80bd3add4d8,2019-02-08,FOTM-Import6290399728090083777,9a5a5648082228c96bfd1a3963e968bb68c9a70e7b92cf5611e77d4bdaf990e5,c5210896-8dba-4e71-9593-afba2b40ae3d,true,{undefined value},{undefined value},{undefined value}
a2ddaad8-d7ae-4142-88ba-434c540e829f,2018-11-20,FOTM-Import3745543195466253410,bbe12050765af1c07199a572b97692706faa08923943ea8e4d400d010aebeed8,c5210896-8dba-4e71-9593-afba2b40ae3d,true,{undefined value},{undefined value},{undefined value}
c358b4c9-19d1-447a-a34c-1785d4a31cd2,2019-07-18,FOTM-Import3509143815800506460,408391aee153c9c6b579a104ce8699b3dc8e1144ac8eeb75303c28072febe56c,c5210896-8dba-4e71-9593-afba2b40ae3d,true,{undefined value},{undefined value},{undefined value}
d8e762c7-622d-4d7a-8d2e-02cd572c1446,2019-07-18,FOTM-Import2759172719854242662,8b5c00bac644660d5397490f9e9dd1126d25eac23b05ce71e09bac661135bae5,c5210896-8dba-4e71-9593-afba2b40ae3d,true,{undefined value},{undefined value},{undefined value}
b12c1377-3e3d-45dd-95db-ec559c5c45f8,2018-11-19,FOTM-Import156380732641169128,61200a0c76ae66ad691ac715884b5da899e91fae025adee80ad072759e9cde21,c5210896-8dba-4e71-9593-afba2b40ae3d,true,{undefined value},{undefined value},{undefined value}
f51df8e0-bd23-4cca-a40e-cf1f2df6f54a,2019-02-07,FOTM-Import1391550000194739477,417048ae032444b771b22ff4917f89948b3e750504ef5164355f72ccb2a88ea5,c5210896-8dba-4e71-9593-afba2b40ae3d,true,{undefined value},{undefined value},{undefined value}
739abd82-881f-44e3-9c34-674ff55eecfa,2025-08-07,developer-free-tool: ea94ee02-234f-4ab8-abb0-a8da29af8e19,"",249f5ac3-f96e-4da8-807b-0cdfd8c550f4,true,{undefined value},{undefined value},{undefined value}
d7909d09-4812-4bcb-83dd-f389f42e3227,2025-08-21,developer-free-tool: a653c137-2bd4-4723-93a8-22e23b771ba0,"",95d9aa20-2594-4b96-8f0d-84d3df34b968,true,{undefined value},{undefined value},{undefined value}
3ee9cd40-1c08-4271-83a3-91d472965335,2025-08-21,developer-free-tool: 09a85f44-80d4-4554-a473-da7c08744058,"",97e6a4c6-7d6c-4e85-a6ed-81791bcd48ee,true,{undefined value},{undefined value},{undefined value}
51dc3b9c-dd25-4a59-8a8c-c683d699fd82,2025-08-21,developer-free-tool: 2053d6d9-34f7-48ab-ae4f-fcc38191fc5e,"",e5142f3c-e00d-47a9-9c5b-4af857279a8d,true,{undefined value},{undefined value},{undefined value}
e4290289-9713-4805-a0b0-3f01d272e491,2025-08-22,developer-free-tool: 03d19651-f8f5-4995-b869-f43d3a40627b,"",2047b175-0421-4058-acaf-dd55a5bd7d64,true,{undefined value},{undefined value},{undefined value}
4cd9a1a0-1f50-4bae-a3d8-3aa0661b2fea,2025-08-22,developer-free-tool: 761f2d07-2b9e-471f-9377-62e999d2bfe2,"",e013a3b8-7788-48bd-9c1e-bd6c9f2ea52b,true,{undefined value},{undefined value},{undefined value}
6adeac3f-f1e2-4c5e-adc1-c7bc11efa475,2025-08-25,developer-free-tool: 9d9cd106-29bd-425f-9f40-85be17a0b2c4,"",45119d73-86b8-4cfe-9d79-024abfd85ef5,true,{undefined value},{undefined value},{undefined value}
4afa960c-d87c-4cbd-a708-5e83774d384c,2025-08-25,developer-free-tool: ffff6806-8885-4ad0-b152-c5248b536ca8,"",35642ed0-5b81-4b75-bc6d-696669c35295,true,{undefined value},{undefined value},{undefined value}
9047ae66-ad2d-433c-b919-dd2a70a59f7a,2025-08-26,developer-free-tool: 792fbfb3-c709-4a76-aa86-ee51ade42280,"",bedfc1fc-94e9-4b20-9262-babbf474ba60,true,{undefined value},{undefined value},{undefined value}
dae94109-99cc-455f-a34c-7a32a645cec7,2025-08-27,developer-free-tool: 8c9d32a1-da1b-41a7-971a-aa119e0c4072,"",d610b804-e7a0-4d6b-b985-6e66711d7e5a,true,{undefined value},{undefined value},{undefined value}
d69e9e2c-4579-4598-b106-b334ba69cbd4,2025-08-27,developer-free-tool: 69a8e255-3459-4ae5-881d-0c551d23bcc4,"",edefa865-6ae2-4418-9894-559d85a0a749,true,{undefined value},{undefined value},{undefined value}
69ffe574-af69-4a57-ace6-56b38055d185,2025-08-28,developer-free-tool: 7aaa9333-8c0a-47d0-bdd2-485cb9e9b0c9,"",dfb2d16a-2db5-4bc0-8650-7c08a3e6d07c,true,{undefined value},{undefined value},{undefined value}
4e112a31-38a8-422b-90b4-0b9d5d3c5566,2025-09-02,developer-free-tool: 1a6dba7f-0600-485c-af19-b6ede246470e,"",508fdbec-fe19-4fd3-a3cf-6330024e7ef4,true,{undefined value},{undefined value},{undefined value}
1847fab9-3d3b-4063-8b76-2838667cca49,2025-09-02,developer-free-tool: 3e60300d-9070-4603-9d67-f45e62c17337,"",b6f6a5fe-92c4-41e6-b17d-8f9ea107ecc6,true,{undefined value},{undefined value},{undefined value}
d18430e1-4ec1-454c-8075-e71abac3b82e,2025-09-03,developer-free-tool: a7a7a667-43a9-4f9e-9be3-1a64b98f518c,"",b00d9352-2146-4a40-aa9a-4aca3f43cc58,true,{undefined value},{undefined value},{undefined value}
76b98646-5d44-471c-89c2-4252aae79c92,2025-08-21,developer-free-tool: 8695cf08-b844-4364-a9fb-dd7ffcbe2a3f,"",d610b804-e7a0-4d6b-b985-6e66711d7e5a,true,{undefined value},{undefined value},{undefined value}
c6e26fe6-757e-4eb3-8a0c-2374a36d5c73,2025-10-01,developer-free-tool: b0b2f6be-2efc-45fc-9cd3-17f1d9651474,"",90faea24-b6eb-4783-8a05-08a7f8d8e75e,true,{undefined value},{undefined value},{undefined value}
241779c4-c9c5-42d5-82c7-73288f144651,2025-11-07,developer-free-tool: 1d58256c-c65e-455c-8f9a-9dfeaf4ccae6,"",87ff449a-b7f0-44d3-a048-fc1c0bc1ade3,true,{undefined value},{undefined value},{undefined value}
bb5c1e63-e9f6-473a-8f03-c0a7c7b941e5,2025-11-10,developer-free-tool: 132445af-0b8a-4fe8-b033-64aa4671233b,"",1b976e26-48b5-45ac-93a7-35033393f950,true,{undefined value},{undefined value},{undefined value}
40693379-1602-429b-8cf8-0dc72d4be5ce,2025-11-12,developer-free-tool: 52505c33-fdd5-4881-91f0-774b8da99961,"",536fdc4c-552d-457c-a36a-95bfcf7c0b94,true,{undefined value},{undefined value},{undefined value}
8c148399-d71d-4532-9750-2d37c834fcb9,2025-11-12,developer-free-tool: c9cdf46d-0495-4c28-8af9-157e208d4547,"",0af837d9-bb37-495d-b396-76943415554c,true,{undefined value},{undefined value},{undefined value}
d9a695b6-2635-4fde-921c-f3d2b6a8d976,2025-11-13,developer-free-tool: fab1309b-791a-4cb1-9837-9e5b9fbb2911,"",899f26d5-b9b0-47f0-aa5c-a95820226653,true,{undefined value},{undefined value},{undefined value}
4ca7d55e-5943-4947-aea7-bd2ebfed7400,2025-11-17,developer-free-tool: 89d66231-4a56-4006-b4e7-35476276586f,"",fd8c2239-a832-410b-bbb3-7b920873246d,true,{undefined value},{undefined value},{undefined value}
f652449d-3c87-463a-9421-38561351597e,2025-11-18,developer-free-tool: 64bc868b-fed7-48ec-8747-675e9b0d107b,"",375994c7-999c-46b2-b900-29e972d9ae87,true,{undefined value},{undefined value},{undefined value}
3011d90e-2d54-494e-b0ee-fd3a57c32732,2025-11-18,developer-free-tool: 1e696964-deda-4375-889a-842097fea52c,"",6815a149-1675-482d-84ca-1b2d25bf33f7,true,{undefined value},{undefined value},{undefined value}
950adb71-a23c-431c-9eda-27e0ceb14639,2025-11-18,developer-free-tool: 5dd8c4c1-9e2d-4674-ba2e-9d1619a7ebe4,"",a248bd83-cd00-4854-806d-cd08acdbc910,true,{undefined value},{undefined value},{undefined value}
6f94a5c4-7a1d-4e74-86d1-2eb6c7c469f4,2025-11-18,developer-free-tool: 70cd0a9c-12af-44df-8f9c-b68b65e7bcb0,"",b752a081-d7ab-4dc7-9504-d55f863c2cf0,true,{undefined value},{undefined value},{undefined value}
dedf5ca4-b36b-402c-8518-87700444f304,2025-11-18,developer-free-tool: 681e0dfb-e0a3-4b35-8398-c410be477cf9,"",6c28d83f-4809-4372-a003-8d9e1f69ece1,true,{undefined value},{undefined value},{undefined value}
c2293af8-78d7-40d9-a4f9-745008bf2d38,2025-11-18,developer-free-tool: d5290b5e-2829-4179-aa97-316c63bd6346,"",9803e973-6745-4b42-be83-6a47920f3c1e,true,{undefined value},{undefined value},{undefined value}
6549ab2c-a8dc-434a-99fe-02e174aa7787,2025-11-18,developer-free-tool: e2011928-b39c-494f-a401-00dfd7e09000,"",322702f0-a657-4861-a66d-1b0b383da9d9,true,{undefined value},{undefined value},{undefined value}
4152ab76-57ff-4f6f-ae10-8f3b140e7f95,2025-11-18,developer-free-tool: 7478a6df-c119-4d77-8d4d-71c67f9596ea,"",99d92c96-0b7f-407f-8deb-88391bdd1b60,true,{undefined value},{undefined value},{undefined value}
cca41abb-5b4c-424a-a56f-c02fe2e42772,2025-11-18,developer-free-tool: 1f653332-40c7-48bc-a01b-ac16ceac1234,"",4fc51c13-9953-498b-a893-011f07af7555,true,{undefined value},{undefined value},{undefined value}
f4a5a65a-9460-41fd-90ce-e320a618d365,2025-11-18,developer-free-tool: b7223af9-91c5-4a6f-ab26-e5bfd6671e14,"",5c254f0f-ab94-47f0-b8b6-5abc4dc8cd9f,true,{undefined value},{undefined value},{undefined value}
f9864b54-dc43-4294-a0c3-47b8f5a68873,2025-11-18,developer-free-tool: 8e332aa6-12dc-4dfc-b62c-4101e45d99bc,"",d53fb18a-55d9-493a-b957-fa6b9e8a2a00,true,{undefined value},{undefined value},{undefined value}
9e2517e2-f1dd-4986-b40b-c47b53785e33,2025-11-18,developer-free-tool: ab88aab4-f31c-4521-86f7-3943f3c04449,"",31ab6035-c4a4-4d0f-896c-070fe59a1d1e,true,{undefined value},{undefined value},{undefined value}
b104cf7d-2815-45ec-950d-104944a9b1e4,2025-11-18,developer-free-tool: 0fc7fcd8-1ff2-459d-be42-5a9a6c627d4e,"",a74e9f76-d97e-4b20-bf67-734690a00ca0,true,{undefined value},{undefined value},{undefined value}
b21bbfe6-e20f-4d06-9fc4-e09e1b7a4a8d,2025-11-19,developer-free-tool: f3faddea-aa2d-4946-aa7c-a1207f192b76,"",dbae94d7-fb88-4483-8a7c-ac4565d32394,true,{undefined value},{undefined value},{undefined value}
25dd4532-dcd9-48b1-aeef-8ce90b6db178,2025-11-19,developer-free-tool: 0f5350fe-c982-4f1b-b556-a9c7364dc2a7,"",0831bf34-377a-4736-b46c-629551b71dd9,true,{undefined value},{undefined value},{undefined value}
4c5a0761-0e3f-4154-9030-aeabb7e220dd,2025-11-19,developer-free-tool: 3abaa3d5-43b5-483c-badc-64c39f692445,"",28a15142-78a7-427c-a48f-1d2a2a2aadb9,true,{undefined value},{undefined value},{undefined value}
e8453555-b350-48ce-bad4-8eb668781dc5,2025-11-20,developer-free-tool: c195f06e-1afa-4cda-8d07-ded62f72ebac,"",7d333c3a-9e09-4726-a843-84e49196b8fb,true,{undefined value},{undefined value},{undefined value}
5f93e31d-c2de-47b0-a3a1-cdea2bd5a4b3,2025-11-21,developer-free-tool: ca71218b-36c8-4a1e-a428-b2f1681a6b95,"",265909f4-17e9-4a51-b3dc-c48c2168adac,true,{undefined value},{undefined value},{undefined value}
bc0a41d8-8dd0-400b-a8b0-17f5e8eedc89,2025-11-24,developer-free-tool: 9d4535b4-25ef-41c4-95f3-86f56003f3ac,"",bd7d0b4c-1074-46f6-9731-d5e10b26f839,true,{undefined value},{undefined value},{undefined value}
ecbea66b-abea-4678-9d9a-281d00ea492f,2025-11-25,developer-free-tool: 40f571a8-68cd-48fd-ba6f-de50f3d6cf59,"",80e3a39c-f073-432c-b93c-fffb04dddbe3,true,{undefined value},{undefined value},{undefined value}
67d0b1a7-4d95-447f-a729-d03350f0fc4b,2025-12-08,developer-free-tool: 01edc2af-94a6-43bb-95c4-2bf88ab4ee54,"",7622d282-6895-45cc-a9b9-825bf9bb3e98,true,{undefined value},{undefined value},{undefined value}
5388fec8-0725-4bae-8777-9efc3b9c6d87,2025-12-12,developer-free-tool: 0bfaa00b-5896-4a2e-b384-e3dcc37731c9,"",ad0691bc-0c83-4afd-adab-b084e95d387e,true,{undefined value},{undefined value},{undefined value}
ad77288b-18b0-4287-91c3-acbcef58e006,2026-01-05,developer-free-tool: 738dd1b7-8e44-41f0-a496-d348869cfff4,"",44fb795c-29c7-43fb-9dc8-2e7d4692860c,true,{undefined value},{undefined value},{undefined value}
7eedf62e-f2e1-4f23-9dc0-497830bbf708,2026-01-08,developer-free-tool: 689a2593-560e-4c1e-a3be-67b257041e0a,"",56e335b8-b885-4246-ae21-9d00f6e71264,true,{undefined value},{undefined value},{undefined value}
1b571991-8673-4bba-a332-c93e84f8f5b7,2026-01-09,developer-free-tool: 95b38c32-44a9-4ead-b14d-a34d208e98b8,"",83cd411e-4018-4f12-a349-6dacff7415b3,true,{undefined value},{undefined value},{undefined value}
3cc11324-de17-4d9f-870b-72165cb24be5,2026-01-12,developer-free-tool: 7b072e56-fbd7-41da-a281-fc7f45288230,"",ab270809-3808-4e44-869f-901822093f92,true,{undefined value},{undefined value},{undefined value}
ff0fa3a3-0d2b-4271-965c-a07f251d6b5c,2026-01-20,developer-free-tool: ff601712-1648-417b-a307-b6c3d405170c,"",257c094c-bfda-4a44-9f7e-d323657208e2,true,{undefined value},{undefined value},{undefined value}
5659df6f-e930-4445-a69a-56290401805e,2026-01-21,developer-free-tool: e5780d46-6cf6-4ad8-9f33-327fada45837,"",6ddad1d0-51a7-4b41-91f8-27e17e262ec9,true,{undefined value},{undefined value},{undefined value}
544fc91f-b705-4572-8a26-551ca1ba79bc,2026-01-22,developer-free-tool: e87a893a-f16d-4138-a7c9-f78869dc91e7,"",59c9e3c6-0a59-4ea3-83f4-d6eec76066bd,true,{undefined value},{undefined value},{undefined value}
7e856fb8-c15e-490b-9274-a332888f7493,2026-01-24,developer-free-tool: b14d0233-b11e-49cd-893e-d17d606f0b3c,"",a0ad8e1e-3443-470d-9040-34024e995331,true,{undefined value},{undefined value},{undefined value}
e7e5b6eb-305f-45d4-b5bd-81f0bdbe2df6,2026-02-10,developer-free-tool: d0634909-56ed-4c38-a1f5-0014efc94123,"",371c0829-31e1-4adc-85bc-a8937dda5b6d,true,{undefined value},{undefined value},{undefined value}
61b68905-e45a-46a6-9857-b59c620a351a,2026-02-11,developer-free-tool: 49ebc55a-ecbf-4398-a458-9aaf9c0cc06a,"",03994bfd-6f1c-4d1f-94b7-d64e9f10a1b0,true,{undefined value},{undefined value},{undefined value}
c3f4223f-d2e3-4d0f-b445-1eb58505e214,2026-02-17,developer-free-tool: b4258f94-1aac-4164-bfbe-7c159473be31,"",c76049c1-cf5b-47c0-ba1e-f6d242ba3fa3,true,{undefined value},{undefined value},{undefined value}
dd6d3d5c-5333-445c-afb9-80a42c90b35a,2026-02-18,developer-free-tool: ec11da76-254a-4ad5-8b57-4ddc50c218ff,"",afbd07fe-bdd4-4535-8bd0-45ef763cd05d,true,{undefined value},{undefined value},{undefined value}
23529446-9b17-4dc6-b26f-ca980da96f1a,2026-02-20,developer-free-tool: e50009d6-3308-469b-a979-da3c589bbec0,"",53a6ba3c-e864-4eb9-882d-f372dc419d78,true,{undefined value},{undefined value},{undefined value}
bf859cba-0b9d-462a-ad75-9118c815d51d,2026-02-24,developer-free-tool: f5d18c21-68f4-44f6-9e10-fec433b31195,"",28d1b956-6aa7-4553-b433-79b81c254c63,true,{undefined value},{undefined value},{undefined value}
cca48a37-c734-4ec6-a34b-60d91f39f270,2026-02-24,developer-free-tool: e768ccc9-9563-4bde-8f0d-b40387bccbcf,"",726d80a2-8b22-4c06-bc28-0f0916ecc661,true,{undefined value},{undefined value},{undefined value}
0b351422-66d3-4294-abc6-00122782fdda,2026-02-25,developer-free-tool: 9a09a8c7-a07e-420b-a2b7-d42627b4bd91,"",804eb6b8-44be-4636-926c-848a3ee031b9,true,{undefined value},{undefined value},{undefined value}
5e9645fd-59a7-44fe-bd1a-811e23f8aa81,2026-02-27,developer-free-tool: 2594b31e-2fb0-4c3a-b781-bb4a17e6641e,"",e710c086-86cf-4f84-ae55-844642a12f24,true,{undefined value},{undefined value},{undefined value}
1b5c9b41-dcdf-475e-8f1d-80778a74009f,2026-03-12,developer-free-tool: 25d8bcb0-8d59-4c3c-a46b-2f7933ed2288,"",8e166919-86d1-4d0b-a31e-02af494e3766,true,{undefined value},{undefined value},{undefined value}
fa72435c-dbc0-4a19-97fe-7dbf356d45ad,2026-03-12,developer-free-tool: 073b65b8-8b7c-46df-98a5-5ce40939ed95,"",a6ad0135-b0d3-4f52-94e8-82253ad8cde9,true,{undefined value},{undefined value},{undefined value}
3eff2c39-fff9-4538-b4af-f9249a5d33c4,2026-03-13,developer-free-tool: 56a24d52-4b29-4813-8f08-b99c630381e4,"",14c646e9-f6ff-4038-b7e2-2e62880f7e8d,true,{undefined value},{undefined value},{undefined value}
e75ce7a9-6866-454c-9c98-dfefe8d23538,2026-03-13,developer-free-tool: 682929f4-0cdd-4cf5-ab9b-bcf98d03c06c,"",77d95c8f-6138-4c85-b09f-35d70cb6f306,true,{undefined value},{undefined value},{undefined value}
